search_term,background_info_link
14 words,https://www.adl.org/education/references/hate-symbols/14-words
2083: a european declaration of independence,https://www.splcenter.org/hatewatch/2011/07/24/oslo-shooter-frightening-reminder-radical-right-terrorist-threat
alt-lite,https://www.adl.org/resources/backgrounders/from-alt-right-to-alt-lite-naming-the-hate
alt-right,https://www.adl.org/resources/backgrounders/from-alt-right-to-alt-lite-naming-the-hate
american front,https://www.adl.org/education/references/hate-symbols/american-front
american identity movement,https://www.splcenter.org/fighting-hate/extremist-files/group/identity-evropaamerican-identity-movement
american nazi party,https://www.splcenter.org/fighting-hate/intelligence-report/2015/active-neo-nazi-groups
american renaissance,https://www.splcenter.org/fighting-hate/extremist-files/ideology/neo-nazi
american vanguard,https://www.splcenter.org/hatewatch/2017/12/11/meet-patriot-front-neo-nazi-network-aims-blur-lines-militiamen-alt-right
amerimutt,https://knowyourmeme.com/memes/amerimutt-le-56-face
aryan nation,https://www.adl.org/education/resources/profiles/aryan-nations
black sun,https://www.adl.org/education/references/hate-symbols/sonnenrad
blood and soil,https://www.adl.org/resources/backgrounders/vanguard-america
boogaloo,https://www.splcenter.org/hatewatch/2020/06/05/boogaloo-started-racist-meme
civilization jihad,https://www.splcenter.org/fighting-hate/extremist-files/individual/frank-gaffney-jr
color of crime,https://www.splcenter.org/fighting-hate/extremist-files/individual/jared-taylor
council of conservative citizens,https://www.adl.org/news/article/the-council-of-conservative-citizens-declining-bastion-of-hate
cultural marxism,https://www.splcenter.org/fighting-hate/intelligence-report/2003/cultural-marxism-catching
daily shoah,https://www.splcenter.org/fighting-hate/extremist-files/individual/michael-enoch-peinovich
daily stormer,https://www.splcenter.org/fighting-hate/extremist-files/individual/andrew-anglin
dindu,https://www.vice.com/en/article/ezagwm/get-to-know-the-memes-of-the-alt-right-and-never-miss-a-dog-whistle-again
diversity is a code word for anti-white,https://www.adl.org/education/references/hate-symbols/diversity-white-genocide
dual seedline,https://www.adl.org/resources/backgrounders/christian-identity
ecofascism,https://www.cjr.org/special_report/ecofascists.php
ethnic cleansing,https://www.splcenter.org/fighting-hate/intelligence-report/2002/games-extremists-play
ethnonationalism,https://www.splcenter.org/fighting-hate/extremist-files/ideology/alt-right
ethnostate,https://www.splcenter.org/fighting-hate/extremist-files/ideology/white-nationalist
gas the kikes,https://www.thedailybeast.com/youtube-wont-ban-neo-nazi-group-chanting-gas-the-kkes-race-war-now
gas the kikes race war now,https://psmag.com/ideas/neo-nazi-hate-speech-foiling-algorithms
globalist jews,https://www.haaretz.com/us-news/.premium-how-did-the-term-globalist-became-an-anti-semitic-slur-blame-bannon-1.5895925
goy,https://www.adl.org/education/references/hate-symbols/the-goyim-knowshut-it-down
great replacement,https://www.isdglobal.org/wp-content/uploads/2019/07/The-Great-Replacement-The-Violent-Consequences-of-Mainstreamed-Extremism-by-ISD.pdf
hammerskin,https://www.adl.org/education/references/hate-symbols/hammerskins
heil hitler,https://www.adl.org/education/references/hate-symbols/hitler-salute-hand-sign
holocaust denial,https://www.splcenter.org/fighting-hate/extremist-files/ideology/holocaust-denial
holohoax,https://www.isdglobal.org/isd-publications/hosting-the-holohoax-a-snapshot-of-holocaust-denial-across-social-media/
identitarianism,https://www.newsweek.com/identitarian-movement-extremist-far-right-germany-1448710
identity evropa,https://www.splcenter.org/fighting-hate/extremist-files/group/identity-evropaamerican-identity-movement
it's okay to be white,https://www.adl.org/education/references/hate-symbols/its-okay-to-be-white
jewish question,https://encyclopedia.ushmm.org/content/en/article/the-jewish-question
kike,https://blog.oup.com/2009/10/ethnic-slurs-kike/
kkk,https://www.splcenter.org/fighting-hate/extremist-files/ideology/ku-klux-klan
league of the south,https://www.splcenter.org/fighting-hate/extremist-files/group/league-south
lgbtp,https://www.advocate.com/news/2020/7/30/lgbtq-leaders-denounce-images-proclaiming-association-pedophiles
national socialism,https://www.adl.org/resources/backgrounders/national-socialist-movement
nazi,https://www.adl.org/resources/glossary-terms/neo-nazis
neo-confederate,https://www.splcenter.org/fighting-hate/extremist-files/ideology/neo-confederate
neo-nazi,https://www.adl.org/resources/glossary-terms/neo-nazis
nigger,https://www.washingtonpost.com/wp-srv/style/longterm/books/chap1/nigger.htm
open borders for israel,https://www.newyorker.com/news/news-desk/twitters-anti-semitism-problem
proud boys,https://www.splcenter.org/fighting-hate/extremist-files/group/proud-boys
race and iq,https://www.theguardian.com/news/2018/mar/02/the-unwelcome-revival-of-race-science
race realism,https://washingtonmonthly.com/2018/03/26/race-realism-and-the-election-of-donald-trump/
race war,https://www.splcenter.org/news/2020/10/23/quantifying-race-war-america
racial holy war,https://www.adl.org/education/references/hate-symbols/rahowa
radical islamic terror,http://csps.gmu.edu/2020/12/01/why-does-the-west-remain-so-obsessed-with-radical-islam/
red ice tv,https://www.splcenter.org/hatewatch/2019/10/21/youtube-takes-down-red-ices-main-channel
right wing death squads,https://www.splcenter.org/hatewatch/2018/04/19/day-trope-white-nationalist-memes-thrive-reddits-rthedonald
send them back,https://jewishweek.timesofisrael.com/what-send-them-back-means-to-jews/
shitskins,https://www.splcenter.org/fighting-hate/extremist-files/individual/craig-cobb
sieg heil,https://www.adl.org/education/references/hate-symbols/sieg-heil
sonnenrad,https://www.adl.org/education/references/hate-symbols/sonnenrad
southern nationalist,https://www.splcenter.org/fighting-hate/extremist-files/group/league-south
stormfront,https://www.adl.org/education/references/hate-symbols/stormfront
swastika,https://www.adl.org/education/references/hate-symbols/swastika
traditionalist worker party,https://www.adl.org/resources/backgrounders/traditionalist-worker-party-twp
two seedline,https://www.splcenter.org/fighting-hate/intelligence-report/2008/branson-televangelist-arnold-murray-preaches-christian-identity-theology
unite the right,https://www.splcenter.org/unite-the-right
vdare,https://www.splcenter.org/fighting-hate/extremist-files/group/vdare
war on whites,https://www.washingtonpost.com/news/wonk/wp/2017/08/14/the-war-on-whites-is-a-myth-and-an-ugly-one/
we wuz kangz,https://knowyourmeme.com/memes/we-wuz-kings
wetback,https://www.buzzfeednews.com/article/andrewkaczynski/white-supremacists-are-thrilled-donald-trump-mentioned-opera
white civil rights,https://www.npr.org/2018/06/21/622144455/white-civil-rights-rally-approved-for-d-c-in-august
white ethnostate,https://www.splcenter.org/fighting-hate/extremist-files/ideology/white-nationalist
white genocide,https://www.adl.org/resources/glossary-terms/white-genocide
white lives matter,https://www.splcenter.org/fighting-hate/extremist-files/group/white-lives-matter
white nationalism,https://www.splcenter.org/fighting-hate/extremist-files/ideology/white-nationalist
white nationalist,https://www.splcenter.org/fighting-hate/extremist-files/ideology/white-nationalist
white pill,https://www.adl.org/blog/the-extremist-medicine-cabinet-a-guide-to-online-pills
white power,https://www.adl.org/education/references/hate-symbols/white-power-hand-sign
white pride,https://www.adl.org/resources/glossary-terms/white-pride
white pride worldwide,https://www.splcenter.org/fighting-hate/extremist-files/group/stormfront
white separatism,https://www.adl.org/resources/glossary-terms/white-separatism
white sharia,https://www.splcenter.org/hatewatch/2017/11/27/white-sharia-and-militant-white-nationalism
you will not replace us,https://www.splcenter.org/hatewatch/2017/10/10/when-white-nationalists-chant-their-weird-slogans-what-do-they-mean
zionist occupation government,https://www.adl.org/education/references/hate-symbols/zog
