Name,Category,Id
DailyCallerVideo,Alt-lite,UCfDdlNLRVb1h3_7Xh-WhL3w
Liberty Machine News,Alt-lite,UCso6oQ3qy7z61Fr8b0WNBMw
AIU-Resurrection,Alt-lite,UCplXdu0g94UynzYCmO2zOjw
Tree Of Logic,Alt-lite,UCl3RCEtooHD5bhPCHJw3btA
DailyKenn,Alt-lite,UCbukZErY9SjdGTHabMzY7qg
AltRight Truth,Alt-lite,UC7tlcXIInkPG5aCkWB9lZOQ
Luke Ford Livestreams,Alt-lite,UCSFVD7Xfhn7sJY8LAIQmH8Q
TheSchillingShow,Alt-lite,UCtLAZi2CZmDgwgQ51XpqcDQ
ramzpaul,Alt-lite,UCIibK0GTXCaQCAamJAepm1g
Actual Justice Warrior,Alt-lite,UCzzLIhDbFYU46T4VFBz_m_g
patcondell,Alt-lite,UCWOkEnBl5TO4SCLfSlosjgg
The Hateful Gaels,Alt-lite,UCDhuG96y6kUT7tcFgHGj1Ug
TokenLibertarianGirl,Alt-lite,UCzIjg5vIfBGcdyLWu6lhXxw
Stefan Molyneux,Alt-lite,UCC3L8QaxqEGUiBC252GHy3w
Western Man,Alt-lite,UC88rnCuWgaW5KX1zIKr3SUQ
TheIncredibleSaltMine,Alt-lite,UCx_SEanFxmYdkylVM1v3RDg
MarkDice,Alt-lite,UCzUV5283-l5c0oKRtyenj6Q
Vincent James of The Red Elephants,Alt-lite,UCDuIxfEt_VoI1yfARYmfCGA
JustInformed Talk,Alt-lite,UCm5CkXzGXb-A2XX0nuTctMQ
6oodfella,Alt-lite,UCBVYmXSIzHq_gXMZpsfd9kg
Tommy Robinson,Alt-lite,UC6wdP5hTf_phre6Q3kFiV2g
On The Offensive,Alt-lite,UCcrgJyI1bSysVE92HPpNNiw
Carpe Donktum,Alt-lite,UCgkZARt0VNW7WKS5DOg8sDA
Harrison Hill Smith,Alt-lite,UCq44SkRjuB4EOO-1pfOJzzA
Revenge Of The Cis,Alt-lite,UC7Ql1bhBYk8LVMpZfkRZJGQ
ProductiehuisEU,Alt-lite,UCZO5CoTyLqv72wGluKwBzrA
Luke Ford,Alt-lite,UCEYmda1KQTjrhLBeWutKuGA
Lauren Southern,Alt-lite,UCla6APLHX6W3FeNLc8PYuvg
Rebel Media,Alt-lite,UCGy6uV7yqGWDeUWTZzT3ZEg
Rebel Canada,Alt-lite,UCOwtpxZT8kXYfoj0W4XBrjw
Rebel Edge,Alt-lite,UCOZN0I173I_3aIDrPw0Irmw
Lauren Chen,Alt-lite,UCLUrVTVTA3PnUFpYvpfMcpg
No Bullshit,Alt-lite,UCZNk7Jjb2t8EuBdgn4Zj1cw
No Bullshit 2,Alt-lite,UCGQHgCgSdUtcWufqzBHDzhA
Laura Loomer,Alt-lite,UCsWnDtLWKEMJHKYCc9647yQ
Computing Forever,Alt-lite,UCT9D87j5W7PtE7NHOR5DUOQ
Andy Warski,Alt-lite,UC2h3yPmh9TfQv2z3aTDTHHA
America First with Nicholas J Fuentes,Alt-lite,UCsJ86N5n7fcEC_Ds8dYJKzA
Nick Fuentes Clips,Alt-lite,UCrVft1rhiJqIt7USDCwQ9Mg
Paul Joseph Watson,Alt-lite,UCittVh8imKanO_5KohzDbpg
Vee,Alt-lite,UC8RJExf7iNpV6tp6hvNtwww
Blonde in the Belly of the Beast,Alt-lite,UCpbyOgUSjTSPpvVUAT2OyHw
MILO,Alt-lite,UC0aVoboXBUx2-tVIWHc3W2Q
Mike Cernovich,Alt-lite,UC87YBeLMwXhgaw5tcCxsXgQ
Gavin McInnes,Alt-lite,UCPGxwlhPEJE89bT4gB6rzhg
Brittany Pettibone,Alt-lite,UCesrUK_dMDBZAf7cnjQPdgQ
Brave New World,Alt-lite,UC659f8KdxrINaB3Ta7TEZzg
Oppressed Media,Alt-lite,UC6EyGxVgmTGt27_U9c_oz9g
The Iconoclast,Alt-lite,UClJ8Z0YvEm-ClFj3fdQgQkw
grapjas60,Alt-lite,UCGwD6FIVFso2IJQmFGgDNKA
thkelly67,Alt-lite,UCIKAZwaFnH_QX1ddYDQf-lg
Reverend Simon Sideways,Alt-lite,UCazjg_kYZHVqscSSB9lmhOA
Semiogogue,Alt-lite,UCck4tqn4wHb3jDhUn9dDVMg
Zach Hing,Alt-lite,UCKzrGgxorDwLcVKeaB7euvw
Christopher Anderson,Alt-lite,UClQkOIf9OfMCQ4CjlSSPvbQ
Tea Clips,Alt-lite,UCZMoAfVZKRS2HKA_gTPQY0g
The Fallen State,Alt-lite,UCLrVxw4H4ZJ3LovpdbzF7bw
Alt Hype Streams,Alt-lite,UCkbPk0OHdeOnjciSgdzxuzQ
Kelly Day,Alt-lite,UCmeZAal3f9_0h3LmYiqNCag
ataxin,Alt-lite,UClEDJq5JqDRGo8u8_lYO4gw
RobinHoodUKIP,Alt-lite,UCn1wSZL86FfGqZ3aDHiERgw
Make Cringe Great Again,Alt-lite,UC2nUwy3lWySoH2tWUiSeOgA
theturningpointusa,Alt-lite,UCVrK_pMRp_q8IelpfUCTGLQ
SJWCentral,Alt-lite,UC-jlxuVAVEl2PXTaGno7gSA
Aydin Paladin,Alt-lite,UCUowFWIWGw6Pv2JqfEj8njQ
DoctorRandomercam,Alt-lite,UC72vWiZdUN_Y2OC2RgJ-dvA
hOrnsticles3,Alt-lite,UCoNGo02Aai6VQotn-MNnbpw
AustralianNeoCon1,Alt-lite,UCzRWedsDooc3jEp1TuLjB4g
Sanity 4 Sweden,Alt-lite,UCFSx08Ew0iiWKyAz54Opdhw
NateTalksToYou,Alt-lite,UCvBSa6Tzhiz7MrVI_DkwvWA
Slightly Offens*ve,Alt-lite,UCMRxoFJPZiBcxgFzxN0ao-w
Jericho Green,Alt-lite,UCYY-xsfMg0TKz-gwQOMhcWA
brianoflondon,Alt-lite,UCu76O9Ye9k633b2VaLg9cPA
Demirep,Alt-lite,UCz-y9OLmILUM1HGCE4Ffbkw
MR. OBVIOUS,Alt-lite,UCyznn3etx_6fSK7576JSrKg
Leo Stratton,Alt-lite,UCdlMSPp9XSTcbJw422zxWCA
Domination Station,Alt-lite,UCqxzXCQqNQ9wSwHPtZKHrlQ
SJW CRINGE MACHINE,Alt-lite,UC92qENDvlCKpNCkUwJnFdkA
SkidRowRadio,Alt-lite,UCrPxYLadOjSyh3iQkvw_SJw
IRmep Stream,Alt-lite,UCO7RCW2ep2QtzYGMz6g7Uqw
Toad McKinley,Alt-lite,UCDPujMbho9Nq-iB7aTJsMUQ
Mister Metokur,Alt-lite,UCfYbb7nga6-icsFWWgS-kWw
The Glass Blind Spot,Alt-lite,UC7kHX39cBk5goUrh3H5qAKg
A1Cvenom,Alt-lite,UCPdJkk0VcWWiIQ1I6UFmV_w
Styxhexenhammer666,Alt-lite,UC0rZoXAD5lxgBHMsjrGwWWQ
AllNationsParty,Alt-lite,UC2AopvAmRGD2rGjG6PK97Hg
libertydollshouse,Alt-lite,UCaEgjV59fLXgnN5BJdLsD3Q
The Weekly Sweat,Alt-lite,UC9azT7MBd3jU4DoTt0AW3gw
TheBechtloff,Alt-lite,UClQPwGSqpatKM-NZJ_DGfhw
jaydyer,Alt-lite,UCnt7Iy8GlmdPwy_Tzyx93bA
MichelleRempel,Alt-lite,UCySf1uJJxjMDryRywEzUR2w
The Amazing Lucas,Alt-lite,UCIgbxKzg2BpGN_AQ6uarXDw
Bearing,Alt-lite,UCwW_vaMPlq8J4weKDsfeJzw
Liberty Hangout,Alt-lite,UCQMb7c66tJ7Si8IrWHOgAPg
OneTruth4Life,Alt-lite,UC7KZFVVnKjiCzkxWD-Qrakg
Beacom Of Light,Alt-lite,UCcdH7Be-X8famDsPVwIKEYA
Undoomed,Alt-lite,UCTrecbx23AAYdmFHDkci0aQ
John Ward,Alt-lite,UCkeGEMunZIoGUyP7z0pMYmQ
Dangerfield,Alt-lite,UCSkC7KNQHSSeOfRGtKgDm4A
Dr. Steve Turley,Alt-lite,UCCsiAKRKcgzA_372WbXNBaw
BlazeTV,Alt-lite,UCKgJEs_v0JB-6jWb8lIy9Xw
Bull Brand,Alt-lite,UCij5BjgH6WjDqOzB6UZZpjA
Tipping Point With Liz Wheeler on OAN,Alt-lite,UCMfKNuYXBc9bxb0fg2cGTBg
Jacob Wohl,Alt-lite,UCBw4kFsnixcIm3mef2cvfjg
Dinesh D'Souza,Alt-lite,UC8GAOCAJxBL4bExaUCvwL4Q
UNITE AMERICA FIRST,Alt-lite,UCNohUmuAnQa29YmaxzbaksA
Daily Caller,Alt-lite,UCP4BdwPKyYnfRLjSNfGAPRA
AltRight.com,Alt-right,UCSTy-H5lSiCcozas32sfJlQ
AmRenVideos,Alt-right,UCMLbmp5tcLxzahMLTmeM4lg
AmRen Podcasts,Alt-right,UCyZVnp-_owuoPlzNJNtaxZQ
The Reality Calls Show,Alt-right,UCmtALVZjXFzb4v3fIXDmDyw
Faith J Goldy,Alt-right,UClMWnUHbxJKJLUgloN1mPUA
Traditionalist Worker Party,Alt-right,UC4f8Z2XefBDL421pnNEQH0Q
Matt Forney,Alt-right,UCFc0stDRUkeBDc36qZeox1g
Red Ice TV,Alt-right,UCFUC7NaTxZanB_FVOJN92eg
NPI / Radix,Alt-right,UC_NPMpK-gZVIKqvDRljgbBA
Johnny Monoxide,Alt-right,UC2JVrseRgh0ccDQ7c8qnXTQ
Baked Alaska 2,Alt-right,UCXfJ65sVQ5F3nJsm86yM6jA
CounterCurrentsTV,Alt-right,UC94FYUJYBqq4CHPhfJUCxDw
iambakedalaska,Alt-right,UCAgBUlIpzlJaE0693J3s97w
Staying Woke,Alt-right,UCp-c7UZowNgx_sGtGCI8M1g
Ayla Stewart Wife With A Purpose,Alt-right,UCZeP6H2mELnRI9imY5Iga0g
Bre Faucheux,Alt-right,UCOtFVJUoek4TKZAaeQVhiLA
James Allsup,Alt-right,UCIZBXVGIJoJMXf8giib0IiQ
Jean-François Gariépy,Alt-right,UCowcNKm1w2GGw5U_XQeduhg
The Golden One,Alt-right,UCN0-RRaxMgh86eOwndAklxw
MillennialWoes,Alt-right,UCLfhh63n0fWn0gXXKQ5NWvw
Voxiversity,Alt-right,UCutpp9X6rKErxUkv4wKBRPA
MW Live,Alt-right,UCNP2yhz10CUEKhzHCUu2r4Q
Darkstream,Alt-right,UCGJNdaSwFeP3pLd1MhN0dRg
Black Pigeon Speaks,Alt-right,UCmrLCXSDScliR7q8AxxjvXg
augustussolinvictus,Alt-right,UCZmn5TswQ0m13ihKsbJ8Wzw
Jason Kessler,Alt-right,UC68k9B1W2GTDZv9e10ySrxA
This is Europa,Alt-right,UCBceihEYR7elOoeWTuDhAzA
Awakened Saxon,Alt-right,UCVyzFlPnWjqrgVljH8QUiCQ
Truth Against The World,Alt-right,UCoWQunH1zvFa6u3IoMXQjRw
The Last Stand,Alt-right,UCnxxPKzboofuvEjFGofkm9A
OnlineWipe,Alt-right,UC7-24nwy8Zg_Yweu6ujnZjA
VertigoPolitix,Alt-right,UCP-rwC3mqNH1cVYYVZHziKw
Jan Kerkoff,Alt-right,UCK68w5LvF6DIOqZAU0uUqSQ
The Leftovers,Alt-right,UCmzjD8K7LfpkYs-hs3fZP1w
jackburton2009,Alt-right,UCGUg8tKiuqCM3ZCAy3XdmKA
Matthew North,Alt-right,UC66IBH4uFkBTzEh2olFFJSg
nightmarefuel,Alt-right,UCyOOQJzQSNMjFJqb3gQENtg
The James Delingpole Channel,Alt-right,UCur6nu-T7FilkEztCm_S8yA
Borzoi Boskovic,Alt-right,UCao3EH2t9wOFPmu2F4i4bag
The Lion,Alt-right,UCRAxuaq1xwUGuQ_KaOYbUXg
Dissident View,Alt-right,UCnXCniozJS4YQAM9n0ocKzQ
NeatoBurrito Productions,Alt-right,UCZtDKD0pFpPclXA7ZAti90w
Morrakiu,Alt-right,UCJpdwEg7vrj_61e0Bfnx02w
Prince of Zimbabwe,Alt-right,UCVO8YsD87ibqRGIJ7o8sOzg
Little Revolution,Alt-right,UCcAhXQl-YWTU9wzfm5R5t7g
Danny 1488,Alt-right,UCWoPKumdlQTSw1M4UPsYXzQ
Oswald Spengler,Alt-right,UCIfnKm98q78j2ZNcfSQhhCQ
The Revolutionary Conservative,Alt-right,UCRr7mGBwURyRGM2BRPV3hNQ
14 Sacred Words,Alt-right,UCQHb0fs5LiCGf8E8o_duxNQ
Laura Towler,Alt-right,UCRWRClsBI3p9gnYO8UBst2g
TRS Radio,Alt-right,UC9E2GVCdoEQGd1MN-JRkjNw
LibertarianRealist2,Alt-right,UC3FqYK9UCKtmcTwSYo7mwpw
Serp Kerp,Alt-right,UC0b-vEnPRxtkMJj7xxDnJIA
LaughingMan0X,Alt-right,UCr6gdokI-jE_T1b5AmOOdxg
Steve Trueblue,Alt-right,UCqDUhDiWJdk3inMxtEPOUWw
Marie Cachet,Alt-right,UCLM6JlQkQ9tltBL9Bipci9g
NewEuropeANP,Alt-right,UC7FwgvmNdQC_3KJhew7cfNQ
The Rational Rise,Alt-right,UCdEfsAy6rUDPnm9HwKA_asg
Traditionalist Youth Network,Alt-right,UCKmcfC22VcMbUMJAAWq9zdw
eliharman,Alt-right,UCPaDUD522GNh4WqMqTnzO2A
Stand Up Europe,Alt-right,UC1B82kNwoGlRwcFt3xWa6Rg
TheArmenianNation,Alt-right,UC3eWseER6XOMR6RcwcIJ23A
ThuleanPerspective,Alt-right,UChBsOxskMpDmBAsgJ91fKcg
American Pride,Alt-right,UCUXTC5yhqkNTKDvK5-lAUJw
Engländer,Alt-right,UCg3sDb6KYo-IuU94Ym08H3g
The Alternative Hypothesis,Alt-right,UC2w1CQqPli4w94-PCg2UvJQ
Corpus Mentis,Alt-right,UCvX0YZy3iET81JImRRKnAfQ
Alt-Right Tankie,Alt-right,UCFWmmu2MmGW8Obc5pNDDJmw
Mark Collett,Alt-right,UCdf14z6V0MWNeVcbAz0r8wQ
Charles Zeiger,Alt-right,UC7zgrGKsGDeeu9xrz2qNTXg
Revcon Media,Alt-right,UCc7nGMWfSL48llqTeyQNQ_Q
andy nowicki,Alt-right,UCSTp3xBWG5SbMiDwjJQQ0Lg
Real McGoy,Alt-right,UCoHbKigbQVbt6mygvfKwgmA
American Pride 2,Alt-right,UCxBZXHQ2aTr8Bdw8s5ZY4xQ
AustralianRealist,Alt-right,UCHC60upCUfq7EAfw6oDQRDA
Alt Right,Alt-right,UChKlct63f5tEY-twY8TKAcg
WhiteRabbitRadioTV,Alt-right,UCkXYznmArMELRxH_36uM1lQ
InvincibleNumanist,Alt-right,UCI3rQP3WFT_GwNRtnjHHqzw
BigCatKayla Livestreams,Alt-right,UCP9oVEmpxbxmHd1_s3w6wTw
Patrick Slattery,Alt-right,UCQB3Xg02E0MOlyfitgw2qhg
The Great Dolemite,Alt-right,UC2LSaEGBHvAvNf9ufcJfk2w
Nacionalista Blanco del SoCal,Alt-right,UCtBv3C8qTj7kaRGVu8UQfLQ
Dismantle The Matrix,Alt-right,UCQZdMTHwIw_fZRk0wI8oqkQ
Be Open MInded,Alt-right,UCRRiIGO2htEoKTB73q9Mjsw
ArktosOnline,Alt-right,UC0h-sR-xyYLX7sSO46ovo2A
Nationalist Media Network,Alt-right,UCuVUvrf4H3XnwNa2yvFXxYA
No White Guilt,Alt-right,UCkY8CvV8WQFe87CZGmvuYHA
Augustus Invictus for United States Senate,Alt-right,UCsdPzJBJYQlsKigw_3XTqJw
Social Justice Fails,Alt-lite,UClGh7QkXnUikoRUo6RSVlMA
SargonofAkkad100,Alt-lite,UC-yewGHQbNFpDrGM0diZOLA
The Thinkery,Alt-lite,UCpiCH7qvGVlzMOqy3dncA5Q
StevenCrowder,Alt-lite,UCIveFvW-ARp_B_RckhweNJw
Sargon of Akkad Live,Alt-lite,UC6cMYsKMx6XicFcFm7mTsmA
Count Dankula,Alt-lite,UC7SeFWZYFmsm1tqWxfuOTPQ
theovonk,Alt-lite,UC5AQEUAwCh1sGDvkQtkDWUQ
