still allowed for placements,now blocked from placements
abolish the police,abolish ice
black dissent,americanmuslim
black hair,anti-black
digital justice,anti-fascist
for the culture,antiracism
hijab fashion,believe black women
no tech for ice,bipoc
oscars so white,black august
patriarchy,black excellence
tell black stories,black girls matter
,black identity extremists
,black in tech
,black is beautiful
,black liberation
,black panthers
,black trans lives matter
,blacklivesmatter
,blackpower
,civil rights
,defund the police
,electoraljustice
,end police brutality
,i can't breathe
,istandwithilhan
,istandwithkaepernick
,lgbtq+
,movement for black lives
,muslimamerican
,muslimfashion
,muslimparenting
,muslimsolidarity
,no justice no peace
,no new jails
,nomuslimbanever
,qpoc
,queer
,racial injustice
,racial justice
,repeal the ban
,say her name
,say their names
,standwithilhan
,white fragility
,whitesupremacy
,wypipo
