,youtube_video_channel
CNN,27
Ruptly,24
AP Archive,18
Destiny,12
The F/S Effect,12
Dystopia Now,12
Newsy,11
Global News,10
The Young Turks,10
Soap - Sim Racer,9
Journeyman Pictures,8
VICE News,8
NowThis News,8
Roland S. Martin,7
Democracy Now!,7
The Progressive Voice,6
The Majority Report w/ Sam Seder,6
Jreg,6
Vox,6
Associated Press,6
TEDx Talks,6
David Pakman Show,5
PBS NewsHour,5
DW News,5
Eli Harman,5
ABC News (Australia),5
WTNH News8,5
OnePeoplesProjecttv,5
Business Insider,5
C-SPAN,5
Pronunciation Guide,5
euronews (in English),4
"Hi, I Think I'm Real",4
TeleSUR English,4
NBC News,4
AJ+,4
Novara Media,4
MSNBC,4
The Guardian,4
Sky News,4
FUSION,4
andy nowicki,4
Al Jazeera English,4
Channel 4 News,4
WESH 2 News,4
Bite-sized Philosophy,4
Thom Hartmann Program,4
Bloomberg Quicktake: Now,4
Washington Post,4
LOCAL 12,3
KPIX CBS SF Bay Area,3
The Daily Show with Trevor Noah,3
WUSA9,3
CrashCourse,3
Metal Monkey,3
T.E.N.,3
Guardian News,3
NewsChannel 5,3
YaleCourses,3
Secular Talk,3
David Chas,3
Why Invest In,3
MR. OBVIOUS,3
WWLTV,3
Comedy Central UK,3
The Damage Report,3
NowThis World,3
The Hill,3
English E.Teach,3
TIK,3
ЗВЕЗДНАЯ ЖИЗНЬ,3
CBS Sacramento,3
UC,3
theunitedwest,3
JRE Clips,3
The Thinkery,3
Audiopedia,3
Kyle Rogers,3
No B.S.,3
Glenn Beck,2
Real McGoy,2
Dr. Jordan B Cooper,2
Haaretz.com,2
Omroep West,2
wtiiwarcraft,2
TV9 Gujarati,2
Robert Williams,2
CBS Miami,2
Centre for Indic Studies,2
WRTV Indianapolis,2
KRTV NEWS,2
ABC7 News Bay Area,2
Atlanta Journal-Constitution,2
David Rovics,2
Yad Vashem,2
WhyBeAre,2
Intelligence Squared,2
Parliamo di Videogiochi,2
Michael Rother - Topic,2
SOCO Films,2
Sky News Australia,2
WOOD TV8,2
Ubora Films,2
What Does That Mean?,2
RAP THE NEWs,2
Hefty - Topic,2
Dragon's Layer Productions,2
Understanding the Threat,2
Xanderhal,2
Innuendo Studios,2
American Enterprise Institute,2
Sonnenrad666,2
spellbinder00,2
HuffPost,2
SmokeRingsPipeDreams,2
Tariq Radio,2
XtremeCoasters Network,2
dokumentARfilm - Schulfilme - Lehrfilme,2
Death Cab for Cutie,2
TYT's The Conversation,2
The Sun,2
The Golden One,2
CNBC,2
NBC2 News,2
WJZ,2
The Fallen State,2
Pasqyra Shqiptare,2
Dose of Truth,2
BartekGM,2
SOC 119,2
Knoxville News Sentinel,2
The Office,2
Patriotic Populist,2
11Alive,2
Hunter & Cron - Brettspiele,2
The New York Times,2
The Radical Revolution,2
Ahava Jerusalem,2
SBS Dateline,2
The Realistic Dice,2
defederalization,2
Shemaroo Bengali,2
GlobalGrindTV,2
WMAR-2 News,2
Heritage Wealth Planning,2
The Audiopedia,2
WSLS 10,2
MexicanAmericanMale,2
CBS New York,2
TODAY,2
MLive,2
This Morning,2
Commander Rockwell XII,2
PAHomepage.com,2
Rajiv Malhotra Official,2
AmericanRenaissanceX,2
University of California Television (UCTV),2
RT,2
Emma Saying,2
SET India,2
Zero Books,2
TPM TV,2
The Festival of Bharat,2
KTNV Channel 13 Las Vegas,2
CGTN,2
Big Think,2
Pixel_Hipster,2
Newshub,2
Step Back History,2
theScore esports,2
KGW News,2
Saturday Night Live,2
Dia Beltran,1
Basics of Sikhi,1
Lauren Martins,1
Meghan Murphy,1
Mozilla,1
Dax,1
1 NEWS,1
Lynn Segarra,1
Political Philosophy: Dr Laurie Johnson,1
LionsgateFilmsUK,1
Matt Christiansen,1
KPAX-TV,1
NeMe,1
VICE Impact,1
Metko Vizigot,1
Isaac Butterfield,1
100huntley,1
One America News Network,1
NBC New York,1
Tundra Tactical,1
The Heritage Foundation,1
TED,1
Fresh Coast Hoops,1
Independent Institute,1
haider 98,1
Hermetics - Topic,1
Slí Eile,1
TheNexusInstitute,1
Best English Speeches,1
GB0083,1
My Financial Friend,1
Giusy Sprovieri,1
Centennial Institute,1
Joe Hoe,1
Spooky Nukies,1
The Straits Times,1
TJ Singh's Reincarnation,1
ABC News In-depth,1
People Of Punk Rock,1
A Digital Blogger,1
LoganProductions,1
Il Fatto Quotidiano,1
Absolut Ambient,1
The Independent,1
Biography,1
Grim Jim,1
Combat Culture,1
YourBestPalClint,1
Fanpage.it,1
Vanity Fair,1
Sapi Betina,1
Heaven on Wheels,1
ABC 10 News,1
Tor Segelohrenbob,1
HaytersTV,1
New Delhi Times,1
The Kelly Clarkson Show,1
Philosophy Tube,1
Macsen Lets Plays,1
FORA.tv,1
Smash JT,1
MMOJACKX57,1
The Bigger Picture,1
Anthnwam,1
Lineman Football,1
KTVQ News,1
Three Arrows,1
VOA Africa,1
CRN Digital Talk Radio,1
Space Jew,1
Flagrant 2 Clips,1
M-word Web Radio,1
The Obama White House,1
Benjamin Magnus Games,1
Güncel Keşifler,1
iDrilllZ,1
Vixen the NOMAP,1
"USC Dornsife College of Letters, Arts and Sciences",1
El País,1
Canoe,1
Yaroooh! for Kids | News - Magazine,1
Reel Truth History Documentaries,1
SourceFed,1
KCTV5 News,1
FOX 9 News | KMSP-TV Minneapolis-St. Paul,1
Podcast Without commercials!,1
George Clasen,1
KXLF News Channel,1
ReasonTV,1
News 5 Cleveland,1
TheXTREAMdream,1
Societal Decay,1
CBS Boston,1
J.R. Miller,1
APUSH Slides,1
Orlando Sentinel,1
The Eternal Anglo,1
Southern Poverty Law Center,1
TRT World,1
José,1
Nuckelavee,1
Tony Marano,1
Newsmax TV,1
MensPRO,1
The Glazov Gang,1
The RV Dummy is Class B,1
Thrace Music,1
Vegan Gains,1
Anglel,1
Lauren Chen,1
Guns & Gadgets,1
AIM Islam,1
Pageant LIVE,1
AmericanExperiencePBS,1
"The Graduate Center, CUNY",1
United Leninist Front,1
FOX 5 DC,1
Telemadrid,1
Discos Fuentes Edimusica,1
Good Mythical Morning,1
On Demand News,1
How To Say,1
Telewizja Republika,1
The Whitest Kids U'Know,1
Be the Perfect,1
IceXgame,1
Greve Hans,1
InfexiousGaming,1
Chapo Trap House,1
Fate The VA,1
WNEM TV5,1
CAPTAIN FEVER,1
Screen Rant,1
Don't Have a Degree in Reading,1
Fullbordad Games,1
EtherealMiracle,1
Rod Webber,1
Magdalen Rose,1
Stephan Pöhnlein,1
Redirecting,1
PSE SEIU Local 1948,1
Boston Joe 620,1
Kanak News,1
Oversight Committee,1
Zaunstar,1
The Rubin Report,1
Los Angeles Times,1
Zane Education,1
THE WORLD IS BURNING,1
Robert Cassard,1
AFP News Agency,1
Heinrich-Böll-Stiftung European Union,1
GPB Education,1
Founders Ministries,1
Mimir's Head,1
john press,1
Tyson James,1
Goddess Aayanna,1
DarkRubberNeck,1
VideoBgood,1
Digital Mimbar,1
IntelligenceSquared Debates,1
Is Ikis,1
The Dallas Morning News,1
ThinkComputers,1
Football Talk & Interview,1
Nicholas Davidson,1
BIGGBOSS,1
Ilke News Agency,1
Dryx Cz,1
Nuclear Blast Records,1
Wild Smile,1
Nano GoleSorkh,1
Access,1
cerestv,1
Townhall Media,1
Talent Recap,1
FootySays,1
OnDaSpotLIVE,1
Andrew Tucows,1
Riley J. Dennis,1
WorldsApaRT,1
Lord Of The Equator,1
JFlaMusic,1
ghost909090,1
Quoundo Games,1
Johnny Doggs,1
UNC Europe,1
Studology 101,1
Our Rich Journey,1
Arktos,1
RT America,1
Michelle Catlin,1
Acts17Apologetics,1
Miacademy Learning Channel,1
EURACTIV,1
ADictionary,1
Examपुर,1
The Aspen Institute,1
Ads18.com,1
WonderWhy,1
BrownieInTheBin,1
Mel Gibson After three Beers,1
Learn Thai with Shelby,1
Coold30,1
Mad Blender,1
anticantiflas88,1
Tom Richey,1
ISLAM THE LOGICAL WAY OF LIFE.,1
GrimlyGaming,1
SWAY'S UNIVERSE,1
DeadMan,1
Mestizo Karf,1
MillenniaThinker,1
Ponce’s Point,1
00Fant,1
UKF Dubstep,1
TheStreet: Investing Strategies,1
Idaho News 6,1
Strange Mysteries,1
Oh My Goal - News,1
acegamestv,1
Jason Smith,1
Rebel News,1
captainmidnight,1
Zoomer Imperator,1
ibx2cat,1
Gamemusic,1
Last Born in the Wilderness Podcast,1
Chuck Westover,1
SAGE Publishing,1
Urban Dictionary,1
Tony Lee Glenn,1
Craig Bodeker,1
Gittemary Johansen,1
SomeNorthernNationalist,1
BacaneriaMusical,1
The evil Lemonjuice,1
CBS Los Angeles,1
The Good Stuff,1
Newsbroke,1
RE-EDUCATION,1
Timcast IRL,1
GIAMarcos Gaming,1
American Renaissance Speeches,1
League of Legends,1
USA TODAY,1
Inheritance Radio,1
PegEntLtd,1
WVUA 23,1
1453malcolmx,1
blee427,1
Stridewise,1
Slidebean: Startups 101,1
Grot Tchew,1
Fragoot4k,1
ARCHAÖN,1
Dashcam Time,1
Council on Foreign Relations,1
The Checkpoints Show,1
Justin Trouble,1
Occult Lectures,1
Body Pro Coach,1
Daniel Shular,1
CarbonFin Gaming,1
BuzzFeed Unsolved Network,1
New York Stock Exchange,1
London Real,1
ContraPoints,1
American Front Porch,1
RomaFilmAcademy,1
Planet Kickass,1
VICE TV,1
Kitco NEWS,1
Real Stories,1
Aisha S. Qutabi,1
edX,1
ABC TV & iview,1
GWP,1
Andrew Panken,1
The Flagged YouTuber II,1
The Realistic Dice Poetry,1
Po the Person,1
Tennis Channel,1
Epitaph Records,1
The Agenda with Steve Paikin,1
Bagoyee,1
ACL – Australian Christian Lobby,1
Bloggingheads.tv,1
41 Action News,1
Bill Press Video,1
KOIN 6,1
"WKBW TV | Buffalo, NY",1
Prudent Media Goa,1
Red Pill Philosophy,1
The Winner Takes It All,1
Gaming-Grizzly,1
Cosas Explicadas,1
Youtube Archive,1
AL.com,1
Jakob Hill,1
On the Shoulders of Giants,1
CBUDD,1
act.tv,1
RapSoloZGZ,1
CNBC Make It.,1
British Pathé,1
Nikhil Reddy,1
Dowejura,1
Black Sun Official,1
PsyCrow Scarebush,1
HUSSAR,1
369 369,1
a j 9 2 アップル,1
WBIR Channel 10,1
The Medical Futurist,1
CrowTalks,1
What's Trending,1
Dr. Steve Turley,1
cpac,1
Dulfy,1
DJ Marlong Salsa Son y Sabor,1
the.eduMate,1
The Ann and Phelim Scoop,1
Piero San Giorgio,1
Calvin University,1
Next 9NEWS,1
Asia Society,1
Survival prepping for normal people,1
I.P Produções,1
Investor's Business Daily,1
SUJEET ARORA,1
Scania Rémois,1
Rachel's English,1
The Second World War,1
wildfang e4,1
Guardian Sport,1
Dead Grand mammy tukidream,1
My 2 Cents,1
Lore Reloaded,1
Trinity English literature Anuradha Rathee,1
KBZK Bozeman MT News,1
ReasonReport,1
Myrna Aragon,1
curt wall,1
Learn languages,1
Atlantean Gardens,1
Ashtyn&Jon2.0,1
Jimi the Hobo,1
VOA News,1
talkRADIO,1
zondervan,1
Дьявольский канал Lenox2812,1
ROCKSHOTS Records,1
Brew,1
R&S Records,1
NEWS-on-Tour,1
NerdAlert,1
Lilia murah,1
Jay Sea,1
AdriaCraft,1
immocentrum,1
Honeypot Studios,1
Tintindeo Cali,1
The Tor Project,1
Learn Windows 10 and Computers,1
trinketgobblin,1
Triggernometry,1
OsakaSyndrome,1
WION,1
Jesse Lee Peterson,1
Life of Dave,1
Morality,1
hbomberguy,1
Matteo Siroli - [Music Channel],1
Sailing Millennial Falcon,1
FakeName4Safety,1
Vanguard Motor Sales,1
"Engel, Götter, Esoterik",1
What We Feel - Topic,1
PsychExamReview,1
ITV News,1
Hydra Hut,1
Swastika Rajput,1
Anders Solum,1
Primal Fear - Topic,1
Justin Murphy,1
The Rational National,1
John Anderson,1
BiteSizeBeats,1
WaltDisneyStudiosNZ,1
lil guillotine,1
Social Contract,1
chb2 official,1
Qcknd,1
The Cold War,1
Skids - Topic,1
ShaunTrack,1
Dustin Sims,1
HipHopDX,1
TurlockJournal,1
Law & Crime Network,1
ShooterGang Kony,1
Zaiafet,1
OWN,1
ABC News,1
Akkad Daily,1
ForeverJameses,1
Travis McKeithan,1
Yaron Brook,1
Truth Against The World,1
PumpChasers,1
KSAT 12,1
ViperUK,1
USC Shoah Foundation,1
Motte & Bailey,1
Sir Wajahat Academy,1
The Atlantic,1
TheGameShaft,1
Fenrir of the Right,1
Elvie Lins,1
Mugiwara nami,1
EpicSkillshot - LoL VOD Library,1
TWiT Tech Podcast Network,1
AJCGlobal,1
Yannic Kilcher,1
Vocabineer,1
TheOftlerer,1
Gonzalo Genek,1
KTBC FOX 7 Austin,1
Mexie,1
GBH Forum Network,1
Chris Schaper,1
Univision Noticias,1
Dr. Todd Grande,1
KING 5,1
Scroll.in,1
Arthreth,1
Coleman Hughes,1
CNN Business,1
KHOU 11,1
Rebel HQ,1
GOOD SMOKE PRODUCTION,1
Library of Congress,1
donHaize,1
KCRA News,1
Liberty Doll,1
Наталия Раф,1
notregme,1
Pocket Films - Indian Short Films,1
Rick & Bubba,1
Vaush,1
Heimler's History,1
Thirstypioneer,1
FutureLearn,1
Styxhexenhammer666,1
DONA 도나,1
Censored Gaming,1
WXYZ-TV Detroit | Channel 7,1
Bitcoin Uncensored,1
ABC 7 Chicago,1
The Serf Times,1
United States Holocaust Memorial Museum,1
Citizens' Climate Lobby,1
13News Now,1
Doctor Mike,1
Guardian Australia,1
Good Morning Britain,1
SANSKAR MATHS CLUB,1
BNO News,1
ShortFatOtaku,1
Fstoppers,1
Alesha,1
Draftsmen,1
Liberty Nation,1
_vlad,1
Helden Rune - Topic,1
The Nation,1
KMVT,1
Vaanni - Power of words,1
MinecraftCompadres,1
KUTV 2 News Salt Lake City,1
Pod Awful TV,1
NDTV India,1
SpeechModification,1
KAKE News,1
Business Standard,1
Chris The Skyrander,1
BYJU'S Govt. Exams Prep.,1
Spatry's Cup of Linux,1
Berry Haddeman,1
mrLupi2301,1
Investing Engineered,1
Tatum Tyler,1
The Christian Institute,1
PragerU,1
Christian House,1
Vesti News,1
Irma,1
InsideTheU,1
kakerlaktus,1
VertigoPolitix Collection,1
Descomplica,1
25perez,1
Ultra Music,1
Luckylouie522,1
zaglap,1
Uncle Hotep,1
WFAA,1
NBC Bay Area,1
Hot Metal,1
ML Studios,1
Star Golpo,1
Emory University,1
Strand Book Store,1
FuchsPhone,1
Aeon Video,1
UW Video,1
MythrilGuy,1
Bravo Von Muller,1
South China Morning Post,1
Liberty Counsel,1
Politics and Prose,1
Slate,1
Thorstein Memeson,1
mobilenet.cz,1
World News,1
National Geographic,1
The Oregonian,1
Demirep,1
Steve Shives,1
4 News Now,1
Zardar Total Warrior,1
Freedom Forum,1
Hindus 4HR,1
ZoomerNat,1
Expressen TV,1
The University of Chicago,1
RTR TRUTH MEDIA,1
Marcela Brito,1
Washington Report on Middle East Affairs,1
MTV,1
TheMovingPictureBoys,1
Blog of The W3st,1
usmc7242,1
BigKleib34,1
Capturing Toilets,1
GMA News,1
Filo News,1
ONE News Malta,1
LoneStar1776,1
WCBI,1
Big Kid Powersports,1
JayborinoPlays,1
Mammonism,1
KOAA 5,1
SJW 9000,1
ynet,1
Bevry,1
Gab Free Speech Radio,1
Thy Art Is Murder,1
Volc Volc,1
VICE,1
