,youtube_channel_name
Democracy Now!,4
VICE,4
CinemaSins,4
PragerU,4
Beau of the Fifth Column,4
act.tv,3
Trae Crowder,3
StevenCrowder,3
The Officer Tatum,3
Pixel_Hipster,3
ContraPoints,3
Dia Beltran,3
Rais Ofßeauty,2
Jreg,2
VICE News,2
TED,2
Knowing Better,2
MrBeast,2
Amhara Press - ልሣነ ዐማራ,2
Dawah Digital,2
VIPR - Varna Peace Institute,2
Sanjana Bhatia,2
Lauren Southern,2
Miss Chillaxx,2
FLY- First Love Yourself,2
batinthesun,2
DiscordSpies,2
StudentsForWesternCivilisation,2
FRANCE 24 English,2
Bhai Ki Padhai,2
Kia Motors America,2
Sister Kerry-Ann,2
THOUGHT CRIMEZ,2
Shaun,2
Beauty's sparkles,2
Shopping Blast !!,2
The New York Times,2
BlazeTV,2
IntelligenceSquared Debates,2
Al Jazeera English,2
Priscilla Wood,2
Styxhexenhammer666,2
7-Second Riddles,2
Right Side Broadcasting Network,2
Inside Edition,2
American Epic,2
Dr. Steve Turley,2
Intelligence Squared,2
blackmagik363,2
DEEPSHIKA,2
Israel Advocacy Movement,2
Brave Wilderness,2
Ben Swann,2
Philosophy Tube,2
ROHINGYA HAMID SONGS,2
CollegeHumor,2
LockPickingLawyer,1
EminemMusic,1
Livin Life with Rick and Jerre,1
MEXICAN EXCELLENCE,1
Ally Hatcher,1
Mike Norton,1
Дмитрий ДИВ,1
RedLetterMedia,1
Valuetainment,1
All Elite Wrestling,1
Faraday Speaks,1
Katie Halper,1
Pathetic Millennial,1
Uncle Tom,1
ELECTRICALS TRENDZ,1
YourBestPalClint,1
BantunaniVEVO,1
History With No Chaser,1
Institute for the Radical Imagination,1
videogamedunkey,1
smarTrike,1
James Charles,1
Adventures Unlimited,1
Timcast,1
The Right Brothers,1
iFixit,1
TPT Originals,1
Two Cents,1
Give Heart Records,1
LoverFella,1
The Guardian,1
OverSimplified,1
Biographics,1
Meghan Murphy,1
AGrowingCulture,1
All Gas No Brakes,1
Dawnsbubble,1
Prof. Edward Dutton: The Jolly Heretic,1
Diamond and Silk - The Viewers View,1
Jamaar Milton,1
Calvary Chapel Central Bucks,1
The Storytellers Project,1
nascarfan4888JJ,1
Padhenge Top Karenge,1
ERB,1
TEDx Talks,1
Fuel Tank フューエル タンク,1
Midwest Scratcher,1
Voices of the Past,1
What Would You Do?,1
TIK,1
VideoFromSpace,1
CHADDOBESI,1
lily lu,1
Scribe Light,1
Redmercy,1
Samantha Ravndahl,1
Simply Nailogical,1
be quiet!,1
Batman Theme by David Wadley,1
The Canadian Press,1
HKYpresident,1
Straight Talks,1
Chris Voluntaryist,1
UC,1
OK Go,1
Unique Nation,1
Republic World,1
ThePianoGuys,1
Matsimus,1
EXOcontralto,1
LegalEagle,1
MortarMarv,1
NewsNOW from FOX,1
Strikketerapi,1
Tom MacDonald,1
JAYLOVE47,1
Academic Agent,1
Dixon White,1
AlphaOmegaSin,1
SPIRITUAL So,1
Bad Bunny,1
SuperSecretProject,1
Some Some More News Clips,1
Educational and Cultural Station,1
Manjita Osta,1
ILTV Israel News,1
laborkyle,1
MelisaBaby,1
Call of Duty League,1
DJ Fashiondemiks,1
After Skool,1
Infinite,1
Flamingo,1
School of Political Science,1
OMGitsfirefoxx,1
LanceScurv,1
Ricepirate,1
Acura Addicted,1
Shut Up & Sit Down,1
My Story Animated,1
Doc671,1
Rulo6000,1
Ketut Swastika Dan Keluarga,1
Anna McNulty,1
Matter of Fact,1
curious minds,1
More Wong Fu,1
ADVChina,1
Tor Segelohrenbob,1
RelaxingRecords - Study Music for Concentration,1
Biography,1
TheBlitz Media,1
CoachDave.TV,1
ReasonTV,1
Gsm Guide,1
Vikkstar123,1
Logan Paul,1
ISAtv,1
BRIGHT SIDE,1
Drum Corps International,1
Associates for Biblical Research,1
JOE Z,1
helloleesh,1
Nintendo,1
Danielle Kogan,1
AwesomenessTV,1
Monster Box,1
Robyn Riley,1
i24NEWS English,1
Compagnie Forward Movements,1
Mrs. Clark's Reading Corner,1
Rousseau,1
Lucas Rafael,1
Financial Wisdom,1
SLAM WORLDWIDE,1
Lex Vance,1
Sky News Australia,1
Understanding Music,1
Illiterate Light,1
NBC News,1
Govan Kilgour,1
Black Sunset Music,1
Eonline Latino,1
The Majority Report w/ Sam Seder,1
Andrew Kimmel,1
azureScapegoat,1
Charity Croff,1
All Musculation,1
Conservative Twins,1
David Chas,1
Ryan's World,1
DJ Marc Antomattei,1
anactualjoke,1
RealLifeLore,1
Woody Woodpecker,1
Rick Friedrich,1
Renown Health,1
The Obama White House,1
Sourav Joshi Vlogs,1
Music Travel Love,1
Gravity Productions,1
Vinnie Paz,1
Jamel White,1
Breitbart News,1
Matsu Patty,1
Colors TV,1
Skip and Shannon: UNDISPUTED,1
DAHBOO777,1
Mrunal Patel,1
Movieclips Trailers,1
9 Mind News 101,1
Nickelodeon,1
Red Pill Men's Health,1
Lorri Jenkins,1
Mowers N Blowers,1
Puddles Pity Party,1
Joe Owens Talking Sense,1
Define American,1
NMATV,1
Renaissance Horizon,1
repairvehicle,1
Sose The Ghost,1
Liberty Hangout,1
Soap - Sim Racer,1
InDepthOutdoorsTV,1
THE WHY,1
FGTeeV,1
Nathan Humbyrd,1
Black Sun Comics,1
Divine Word Media PH,1
"Being Here Now, with Percy",1
Justus R. Stone,1
Half as Interesting,1
The Fallen State,1
AdamKokesh,1
Geeks + Gamers,1
NowThis News,1
Aleš Ernecl,1
Daily Rant Australia,1
Indigorafa. Indigo Tutoriales,1
Jack White,1
Above The Noise,1
Fame Fashion and Creative Excellence,1
92 News HD,1
Pakistan Hydroponics,1
RugbyVids,1
Graham Stephan,1
Black American,1
Rajnesh Kumar Siwal,1
Praxxus55712,1
Caitlin Doughty – Ask A Mortician,1
Kara and Nate,1
Swastika Pandey,1
The Gunner's Wife,1
TheGideonGames,1
SsethTzeentach,1
GrayStillPlays,1
Rebecca Zamolo,1
Все советские фильмы киностудии «Беларусьфильм»,1
Allie Beth Stuckey,1
Study IQ education,1
Black and White Sports,1
Big & Dirty Records,1
Bloodstockfestivals,1
The Midnight Screening,1
Tasty,1
Talking Tom,1
On the Shoulders of Giants,1
CGP Grey,1
Swastik The Band,1
Unity,1
DemoRobb,1
Stock Compounder - Brad Kaellner,1
AY Discord Archive,1
Life On The Left Rein,1
Legendary504,1
Geography Now,1
Nerd Therapy,1
DW News,1
Piper Rockelle,1
InquisitorMaster,1
Real Crusades History,1
Great Big Story,1
Rekieta Law,1
Therese Sørenes,1
laowhy86,1
Once Upon A Roll,1
PM Hobbycraft,1
The White House,1
UC Productions,1
Tolly Time,1
Alyssa Marie,1
Peekaboo Kidz,1
Black Sun Entertainment,1
League of Legends,1
Mark Felton Productions,1
HOLIDAY,1
Timcast IRL,1
Lola Gardenista & Her Bunch,1
00Fant,1
Extra RidiculousCake,1
Hand Tool Rescue,1
LoL Esports,1
John Brooks,1
Joseph Morris,1
Theosophical Society,1
YUGOPNIK,1
Nexxuz World,1
Funny Or Die,1
PolitiChicks,1
The Aviators,1
Ice Age Farmer,1
Innuendo Studios,1
Agnostic Front,1
rebecca,1
PEM,1
DOKTOR LIGHT,1
Timeless Classic Movies,1
TRT World,1
Rags,1
Eva zu Beck,1
Swastika Cookers,1
ShaunTrack,1
Channels Television,1
Dr. Phil,1
Lyrical Lemonade,1
Tom Nicholas,1
CNN,1
WISN 12 News,1
Stephanie Soo,1
NTV Houston,1
ZaiLetsPlay,1
Life of Boris,1
ChrisFix,1
SWASTIKA GURU,1
archenemyofficial,1
The Dodo,1
TheOdd1sOut,1
KRYON - Channelling,1
SoulPancake,1
Rob Has a Podcast,1
Story Pirates,1
Graham Allen,1
Vat19,1
The Warden Post,1
Underrated Metal Albums,1
PowerfulJRE,1
Destination Thailand,1
Overly Sarcastic Productions,1
KBS World,1
United Nations,1
Technomadia,1
Anokhi The One,1
NoCopyrightSounds,1
Donut Operator,1
Valerie Miller,1
The Historian's Craft,1
VICE TV,1
_vlad,1
Boys In The Cave,1
Danny Duncan,1
AmericanExperiencePBS,1
SHUTTERSHOT45,1
Nightchamps,1
Black Rebel,1
Mihail Neamtu,1
Bro. Sanchez LIVE!,1
KCM TV,1
Myke C-Town,1
MotoIQ,1
J.R. Miller,1
Wesley Fabry [PixelWess89],1
Pamela Rae Schuffert,1
neeraj atri,1
Three Arrows,1
ProjectOneLife,1
TLPOTL,1
Official Jim Cornette,1
iMorganlewis,1
OsakaSyndrome,1
Light Balance,1
Sharon Bodine,1
Mangena,1
JRock Nelson,1
Keone and Mari,1
Paul Morrin,1
Jaiden Animations,1
PT News Network,1
Sid Roth's It's Supernatural!,1
ThePrint,1
Matt and Rebecca,1
Zee World,1
S713 Production,1
High Off Energee,1
ActionAFool,1
La Topa Tolondra Salsa Bar,1
Angry Cops,1
So Yummy,1
Trinity and Beyond,1
Tanmay Bhat,1
Some More News,1
CaspianReport,1
Ultimate Survival Tips,1
Investigation Discovery,1
Kc Steve,1
Toku Topics,1
AnT R/C,1
Lindsay Ellis,1
SuperSport,1
Acts17Apologetics,1
Bearded Appliance Repair,1
Mouthy Infidel,1
Swasthika All is well,1
Headliner Magic,1
BBC Trending,1
TBA,1
Mexie,1
Backwater Performance,1
DeshawnWhiteVEVO,1
Shelley Segal,1
Dana Stevens,1
Count Dankula 2 : Electric Boogaloo,1
homestarrunnerdotcom,1
Itchy Boots,1
NDLONvideos,1
Sidomex Entertainment,1
BBC,1
SwaggerSouls,1
50 Shades of Scarlet - English,1
Шугайло Анатолий Васильевич,1
dillan white.,1
XzibitVEVO,1
African Elements,1
RevistaToma5,1
Nate & Christy,1
Good Morning America,1
O'Reilly Auto Parts,1
TheCod3r,1
RackaRacka,1
Jawga Boyz,1
JCS - Criminal Psychology,1
TmarTn,1
CBS This Morning,1
BRProud News - NBC Local 33 / Fox44,1
BBC News,1
Matt Justice [Clever Leverage],1
DIYautotech,1
TheThinkingAtheist,1
Vaanni - Power of words,1
Washington Post,1
Chuck Jines,1
Roadrunner Records,1
Jangles ScienceLad,1
The Bucket List Family,1
HaroldArtist,1
Preach Gaming,1
BlackSun Gaming,1
Battle Geek Plus - Press Start To AWESOME!,1
Bad Lip Reading,1
Oh My Gazi,1
Godless Cranium,1
Origin,1
Marco Veeplus,1
Mário Machado,1
Nizar D.,1
WorkingWithWimberley,1
Coldplay,1
James Pawson,1
Matt Rosendaul,1
T1,1
SerpaDesign,1
Kraut,1
WatchNa,1
MagikarpUsedFly,1
RING IQ BOXING TALK,1
MeatEater,1
Meanmug713,1
OurEndeavor,1
Utopia Show,1
Life of Luxury,1
Bradley White,1
Jisoosthumbs,1
Pakistan Cricket,1
The Preachers,1
The School of Life,1
Doelow Da Pilotman,1
LegendofTotalWar,1
fullychargedshow,1
Blaire White,1
Rudolf the tall white Alien,1
ALTBalaji,1
FreedomProject Media,1
Earthly Tarot 1111,1
Piran Films,1
SWASTHIK TV,1
Brat TV,1
Bonny Vlogs,1
AJ+,1
Hemifam,1
Speak English With Vanessa,1
Titas of the South,1
Honest Product Review,1
OG2,1
Theories of Everything with Curt Jaimungal,1
Crossroads with JOSHUA PHILIPP,1
Piston Slap,1
DEMRICK,1
MochaMilk,1
SEVENDUST,1
Simone Giertz,1
Familia Diamond,1
Schiller Institute,1
CMT,1
Tom Rush,1
Good Patriot,1
Last Great Road Trip,1
Diah Swastika,1
Haymarket Books,1
Skye Storme,1
Swastika Rajput,1
Jubel,1
Rebel Bass,1
Kyle EPIC Mendoza,1
Curio,1
ABC News,1
DooM Clan,1
DB Live,1
Mr Reagan,1
Sharique Samsudheen,1
The Hot Zone With Chuck Holton,1
yodelerty,1
Aditya_ Art,1
The Kovariks,1
Bright Sun Films,1
Lessons in History,1
Yarasky,1
Stelios Anatolitis,1
Raquel Rodriguez,1
Jaipur Literature Festival,1
Lex Fridman,1
MMPRtoys,1
Ronin Kuroi Tatsu,1
Sailing La Vagabonde,1
The Late Show with Stephen Colbert,1
Postcolonialism,1
Quest TV,1
Record Kicks,1
Forbes,1
Queen Naija,1
Welding and stuff,1
The Atheist Experience,1
Dunya News,1
RobTalks,1
TheTrue Pooka,1
Arthouse Digital.,1
Alpharad,1
AwakenWithJP,1
Vedantu Class 9 & 10,1
TaveGetemVEVO,1
David Harris Jr,1
Carte Blanche,1
IvanDrago2k,1
The United Stand,1
Joeypearsonmusic,1
Swastik Pig Farm,1
قناة ندى Nada channel,1
Keith Woods,1
Top Games PC Youtube - Makv l,1
thirdphaseofmoon,1
FaZe Clan,1
Irma,1
Today on the Korean Server,1
BT Sport,1
rwhitegoose,1
DAMN!,1
Night Bass,1
TYT's The Conversation,1
Crypt TV,1
Extra Credits,1
It's a Southern Thing,1
Can Sungur ve Yakın Evren,1
Amoeba Sisters,1
The Daily Show with Trevor Noah,1
9to5Mac,1
Sergio Calvo Miniatures,1
Illustrate to Educate,1
Active Self Protection,1
Full Fat Videos,1
EATBRAINchannel,1
schmoyoho,1
Joann Rosario Condrey,1
Status Coup,1
Shreyanka S Ranade,1
JustLikeRAV,1
Baltimore Ravens,1
Say It Loud,1
Typical Gamer,1
